Shahirr1,Shahir@123,7
Shahirr2,Shahir@123,7
Shahir3   ,Shahir@123   ,7
Shahir4   ,Shahir@123   ,7
Shahir5   ,Shahir@123   ,7
Shahir6   ,Shahir@123   ,7
Shahir7   ,Shahir@123   ,7
Shahir8   ,Shahir@123   ,7
Shahir9   ,Shahir@123   ,7
Shahir10  ,Shahir@123   ,7
Shahir11  ,Shahir@123   ,7
Shahir12  ,Shahir@123   ,7
Shahir13  ,Shahir@123   ,7
Shahir14  ,Shahir@123   ,7
Shahir15  ,Shahir@123   ,7
Shahir16  ,Shahir@123   ,7
Shahir17  ,Shahir@123   ,7
Shahir18  ,Shahir@123   ,7
Shahir19  ,Shahir@123   ,7
Shahir20  ,Shahir@123   ,7